ID,Name,Gender
0015g0000033D9oAAE,Rushikesh186,Female
0015g0000033D9pAAE,Rushikesh185,Female
ID,Name,Gender
0015g0000033D9oAAE,Rushikesh186,Female
0015g0000033D9pAAE,Rushikesh185,Female
0015g0000033D9qAAE,Rushikesh384,Female
0015g0000033D8GAAU,Rushikesh136,Female
0015g0000033D8HAAU,Rushikesh135,Female
0015g0000033D8IAAU,Rushikesh314,Female
0015g0000033D9PAAU,Rushikesh225,Female
0015g0000033D9QAAU,Rushikesh251,Female
0015g0000033D9RAAU,Rushikesh205,Female
0015g000002zaFCAAY,Rushikesh7,Male
0015g000002zaFDAAY,Rushikesh6,Female
0015g000002zaFEAAY,Rushikesh5,Female
0015g000002zaFhAAI,Rushikesh16,Female
0015g000002zaFiAAI,Rushikesh15,Female
0015g000002zaFjAAI,Rushikesh14,Female
0015g000002zaFMAAY,Rushikesh9,Female
0015g000002zaFNAAY,Rushikesh8,Female
0015g000002zaFOAAY,Rushikesh7,Female
0015g000002zaPKAAY,Rushikesh22,Female
0015g000002zaPLAAY,Rushikesh21,Female
0015g000002zaPMAAY,Rushikesh20,Female
0015g000003Ci2LAAS,Edge Communications,
0015g000003Ci2MAAS,Burlington Textiles Corp of America,
0015g000003Ci2NAAS,Pyramid Construction Inc.,
0015g000003Ci2OAAS,Dickenson plc,
0015g000003Ci2PAAS,Grand Hotels & Resorts Ltd,
0015g000003Ci2QAAS,United Oil & Gas Corp.,
0015g000003Ci2RAAS,Express Logistics and Transport,
0015g000003Ci2SAAS,University of Arizona,
0015g000003Ci2TAAS,United Oil & Gas\, UK
0015g000003Ci2UAAS,United Oil & Gas\, Singapore
0015g000003Ci2VAAS,GenePoint,
0015g000003Ci2WAAS,sForce,
0015g000002zdtjAAA,Rushikesh52,Male
0015g000002zdtkAAA,Rushikesh51,Male
0015g000002zdtlAAA,Rushikesh50,Male
0015g000002zaFcAAI,Rushikesh10,Female
0015g000002zaFdAAI,Rushikesh11,Female
0015g000002zaFeAAI,Rushikesh13,Female
0015g000002zZzjAAE,Rus232hi,Male
0015g000002za0TAAQ,Rushikesh,Female
0015g000002za0UAAQ,Rushikesh3,Female
0015g000002za0VAAQ,Rushikesh2,Female
0015g000002zZzUAAU,Rushi323,Male
0015g000002zZzVAAU,Rus232hi,Male
0015g000002zZzWAAU,Rushi232,Male
0015g000002zdteAAA,Rushikesh62,Male
0015g000002zdtfAAA,Rushikesh61,Male
0015g000002zdtgAAA,Rushikesh60,Male
0015g000002zcAGAAY,Rushikesh32,Female
0015g000002zcAHAAY,Rushikesh31,Female
0015g000002zcAIAAY,Rushikesh30,Female
0015g000002zcA6AAI,Rushikesh32,Female
0015g000002zcA7AAI,Rushikesh31,Female
0015g000002zcA8AAI,Rushikesh30,Female
0015g000002zcALAAY,Rushikesh42,Female
0015g000002zcAMAAY,Rushikesh41,Female
0015g000002zcANAAY,Rushikesh40,Female
0015g000002zgJ7AAI,Rushikesh,Male
